{"weights": {"XGB": 0.35146521691960897, "RF": 0.3245958749713707, "LR": 0.3239389081090203}, "draw_boost": 1.3}